{
    "beta_protocol": 0.29154425859451294,
    "beta_time": -0.5914603471755981,
    "b": -1.2247333526611328
}