{
    "beta_protocol": 0.27406466007232666,
    "beta_time": -0.5145993828773499,
    "b": -1.642723560333252
}