{
    "beta_protocol": 0.27611592411994934,
    "beta_time": -0.48370081186294556,
    "b": -1.7054696083068848,
    "final_loss": 0.022075628554855613,
    "timestamp": "20250105_140149"
}